<?xml version="1.0" encoding="UTF-8" standalone="yes"?>
<addon id="plugin.download.oneddl"
       name="OneDDL.com"
       version="0.2.3"
       provider-name="pgoeri">
  <requires>
    <import addon="xbmc.python" version="1.0"/>
    <import addon="plugin.program.jdownloader" version="1.0.2"/>
    <import addon="script.module.ddlscraper" version="0.1.1"/>
  </requires>
  <extension point="xbmc.python.pluginsource"
             library="default.py">
    <provides>executable</provides>
  </extension>
  <extension point="xbmc.addon.metadata">
    <platform>all</platform>
    <summary lang="en">Browse releases on OneDDL.com and add links to JDownloader</summary>
    <description lang="en">This plugin scrapes posts from OneDDL.com and presents them as directory items. By selecting a post the link gets added to JDownloader.</description>
  </extension>
</addon>
