<?xml version="1.0" encoding="UTF-8" standalone="yes"?>
<addon id="script.module.ddlscraper"
       name="DDLScraper"
       version="0.1.3"
       provider-name="pgoeri">
  <requires>
    <import addon="xbmc.python" version="2.1.0"/>
    <import addon="plugin.program.jdownloader" version="1.3.1"/>
    <import addon="script.module.mechanize" version="0.2.6"/>
  </requires>
  <extension point="xbmc.python.module"
             library="lib" />
  <extension point="xbmc.addon.metadata">
    <summary lang="en">A library for "plugin.download." add-ons</summary>
    <description lang="en">This library provides base classes for presenting a posts from a web site and extract links from a specific post.</description>
    <platform>all</platform>
    <language></language>
    <license>GNU GENERAL PUBLIC LICENSE. Version 3, 29 June 2007</license>
    <forum></forum>
    <website>http://pgoeri-xbmc-plugins.googlecode.com/</website>
    <source>http://pgoeri-xbmc-plugins.googlecode.com/svn/trunk/script.module.ddlscraper/</source>
    <email> pgoeri85 at gmail dot com</email>
  </extension>
</addon>
