<?xml version="1.0" encoding="UTF-8" standalone="yes"?>
<addon id="plugin.video.icefilms"
       name="Icefilms"
       version="1.0.20"
       provider-name="anarchintosh,daledude">
    <requires>
        <import addon="xbmc.python" version="1.0"/>
        <import addon="script.module.simplejson" version="2.0.10"/>
    </requires>
    <extension point="xbmc.python.pluginsource"
               library="default.py">
        <provides>video</provides>
    </extension>
    <extension point="xbmc.addon.metadata">
        <platform>all</platform>
        <summary>Stream and download scene releases from the megaupload links listed on Icefilms.info</summary>
        <description>Turns your XBMC into an instant free on-demand media-center. Stream and download to your library pure .avi scene releases, in DVD and HD720p quality. Browse and search the library of over 77,000 videos with metadata and posters. Never experience the frustration of dead video links!</description>
    </extension>
</addon>
