<?xml version="1.0" encoding="UTF-8" standalone="yes"?>
<addon id="plugin.video.icefilms"
       name="Icefilms"
       version="1.1.3"
       provider-name="anarchintosh,daledude,eldorado">
    <requires>
        <import addon="xbmc.python" version="2.0"/>
        <import addon="script.module.simplejson"/>
        <import addon="script.module.elementtree"/>
        <import addon="script.module.beautifulsoup"/>
        <import addon="script.module.metahandler" version="1.0.0"/>
        <import addon="script.module.t0mm0.common" version="1.1.0"/>
        <import addon="script.common.plugin.cache" version="0.9.0"/> 
    </requires>
    <extension point="xbmc.python.pluginsource"
               library="default.py">
        <provides>video</provides>
    </extension>
    <extension point="xbmc.addon.metadata">
        <platform>all</platform>
        <summary>Stream and download scene releases from the links listed on Icefilms.info</summary>
        <description>Visit www.xbmchub.com for support.
        
Turns your XBMC into an instant free on-demand media-center. Stream and download to your library pure AVI scene releases, in DVD and HD720p quality. Browse and search the library of over 77,000 videos with metadata and posters. Never experience the frustration of dead video links!</description>
    </extension>
</addon>
